Route_name,Route_link
Tezpur to Guwahati,https://www.redbus.in/bus-tickets/tezpur-to-guwahati
Guwahati to Tezpur,https://www.redbus.in/bus-tickets/guwahati-to-tezpur
Nagaon (Assam) to Guwahati,https://www.redbus.in/bus-tickets/nagaon-to-guwahati
Guwahati to Nagaon (Assam),https://www.redbus.in/bus-tickets/guwahati-to-nagaon
Goalpara to Guwahati,https://www.redbus.in/bus-tickets/goalpara-to-guwahati
Jorhat to North Lakhimpur,https://www.redbus.in/bus-tickets/jorhat-to-north-lakhimpur
North Lakhimpur to Sibsagar (Assam),https://www.redbus.in/bus-tickets/north-lakhimpur-to-sibsagar
Guwahati to Dhubri,https://www.redbus.in/bus-tickets/guwahati-to-dhubri
Dhubri to Guwahati,https://www.redbus.in/bus-tickets/dhubri-to-guwahati
Dhekiajuli to Guwahati,https://www.redbus.in/bus-tickets/dhekiajuli-to-guwahati
Sibsagar (Assam) to North Lakhimpur,https://www.redbus.in/bus-tickets/sibsagar-to-north-lakhimpur
North Lakhimpur to Jorhat,https://www.redbus.in/bus-tickets/north-lakhimpur-to-jorhat
Jorhat to Dibrugarh,https://www.redbus.in/bus-tickets/jorhat-to-dibrugarh
Jorhat to Dhemaji,https://www.redbus.in/bus-tickets/jorhat-to-dhemaji
Jorhat to Tinsukia,https://www.redbus.in/bus-tickets/jorhat-to-tinsukia
Dhemaji to Jorhat,https://www.redbus.in/bus-tickets/dhemaji-to-jorhat
Guwahati to Biswanath Charali,https://www.redbus.in/bus-tickets/guwahati-to-biswanath-charali
Tezpur to Dibrugarh,https://www.redbus.in/bus-tickets/tezpur-to-dibrugarh
North Lakhimpur to Dibrugarh,https://www.redbus.in/bus-tickets/north-lakhimpur-to-dibrugarh
North Lakhimpur to Tezpur,https://www.redbus.in/bus-tickets/north-lakhimpur-to-tezpur
Dibrugarh to Jorhat,https://www.redbus.in/bus-tickets/dibrugarh-to-jorhat
Sibsagar (Assam) to Dhemaji,https://www.redbus.in/bus-tickets/sibsagar-to-dhemaji
Biswanath Charali to Guwahati,https://www.redbus.in/bus-tickets/biswanath-charali-to-guwahati
Tinsukia to Jorhat,https://www.redbus.in/bus-tickets/tinsukia-to-jorhat
Dibrugarh to North Lakhimpur,https://www.redbus.in/bus-tickets/dibrugarh-to-north-lakhimpur
Biswanath Charali to Dibrugarh,https://www.redbus.in/bus-tickets/biswanath-charali-to-dibrugarh
Dibrugarh to Tezpur,https://www.redbus.in/bus-tickets/dibrugarh-to-tezpur
Tezpur to North Lakhimpur,https://www.redbus.in/bus-tickets/tezpur-to-north-lakhimpur
Dibrugarh to Biswanath Charali,https://www.redbus.in/bus-tickets/dibrugarh-to-biswanath-charali
Guwahati to North Lakhimpur,https://www.redbus.in/bus-tickets/guwahati-to-north-lakhimpur
Bihpuria to Dibrugarh,https://www.redbus.in/bus-tickets/bihpuria-to-dibrugarh
Bokakhat to Dibrugarh,https://www.redbus.in/bus-tickets/bokakhat-to-dibrugarh
Guwahati to Silchar,https://www.redbus.in/bus-tickets/guwahati-to-silchar
North Lakhimpur to Moran,https://www.redbus.in/bus-tickets/north-lakhimpur-to-moran
Guwahati to Kaliabor,https://www.redbus.in/bus-tickets/guwahati-to-kaliabor
Moran to North Lakhimpur,https://www.redbus.in/bus-tickets/moran-to-north-lakhimpur
Moran to Tezpur,https://www.redbus.in/bus-tickets/moran-to-tezpur
Golaghat to North Lakhimpur,https://www.redbus.in/bus-tickets/golaghat-to-north-lakhimpur
Dergaon to Dibrugarh,https://www.redbus.in/bus-tickets/dergaon-to-dibrugarh
Gohpur to Guwahati,https://www.redbus.in/bus-tickets/gohpur-to-guwahati
